{
  "Part 1": [
    {
      "name": "External Financial Reporting Decisions",
      "weight": "15%",
      "topics": [
        {
          "name": "Financial statements",
          "los": [
            "Balance sheet",
            "Income statement",
            "Statement of changes in equity",
            "Statement of cash flows",
            "Integrated reporting"
          ]
        },
        {
          "name": "Recognition, measurement, valuation, and disclosure",
          "los": [
            "Asset valuation",
            "Valuation of liabilities",
            "Equity transactions",
            "Revenue recognition",
            "Income measurement",
            "Major differences between U.S. GAAP and IFRS"
          ]
        }
      ]
    },
    {
      "name": "Planning, Budgeting, and Forecasting",
      "weight": "20%",
      "topics": [
        {
          "name": "Strategic planning",
          "los": [
            "Strategic analysis",
            "Creating a competitive advantage",
            "Performance measurement and strategic goals"
          ]
        },
        {
          "name": "Budgeting concepts",
          "los": [
            "Operations and performance goals",
            "Characteristics of a successful budget process",
            "Budgeting methodologies"
          ]
        },
        {
          "name": "Forecasting techniques",
          "los": [
            "Regression analysis",
            "Learning curve analysis",
            "Expected value"
          ]
        },
        {
          "name": "Budgeting methodologies",
          "los": [
            "Annual business plans (master budgets)",
            "Project budgeting",
            "Activity-based budgeting",
            "Zero-based budgeting",
            "Continuous (rolling) budgets",
            "Flexible budgeting"
          ]
        },
        {
          "name": "Top-level planning and analysis",
          "los": [
            "Pro forma income",
            "Pro forma balance sheet",
            "Pro forma statement of cash flows"
          ]
        }
      ]
    },
    {
      "name": "Performance Management",
      "weight": "20%",
      "topics": [
        {
          "name": "Cost and variance measures",
          "los": [
            "Standard costing systems",
            "Variable and fixed overhead variances",
            "Sales variances",
            "Market share and market size variances"
          ]
        },
        {
          "name": "Responsibility centers and reporting segments",
          "los": [
            "Types of responsibility centers",
            "Transfer pricing",
            "Reporting for responsibility centers"
          ]
        },
        {
          "name": "Performance measures",
          "los": [
            "Product profitability analysis",
            "Business unit profitability analysis",
            "Customer profitability analysis",
            "Return on investment",
            "Residual income",
            "Balanced scorecard"
          ]
        }
      ]
    },
    {
      "name": "Cost Management",
      "weight": "15%",
      "topics": [
        {
          "name": "Measurement concepts",
          "los": [
            "Cost behavior and cost objects",
            "Actual and normal costing",
            "Standard costs",
            "Variable vs. absorption costing"
          ]
        },
        {
          "name": "Costing systems",
          "los": [
            "Job order costing",
            "Process costing",
            "Activity-based costing",
            "Life-cycle costing"
          ]
        },
        {
          "name": "Overhead management",
          "los": [
            "Fixed and variable overhead expenses",
            "Plant-wide vs. departmental overhead",
            "Target costing"
          ]
        },
        {
          "name": "Supply chain management",
          "los": [
            "Lean manufacturing",
            "Theory of constraints",
            "Capacity management"
          ]
        },
        {
          "name": "Business process improvement",
          "los": [
            "Value chain analysis",
            "Value-added activities",
            "Kaizen",
            "Process analysis",
            "Benchmarking"
          ]
        }
      ]
    },
    {
      "name": "Internal Controls",
      "weight": "15%",
      "topics": [
        {
          "name": "Governance, risk, and compliance",
          "los": [
            "Internal control structure and management philosophy",
            "Internal control policies for safeguarding assets",
            "Internal control risk",
            "Corporate governance",
            "External audit requirements"
          ]
        },
        {
          "name": "System controls and security measures",
          "los": [
            "General accounting system controls",
            "Application and transaction controls",
            "Network controls",
            "Backup and disaster recovery"
          ]
        }
      ]
    },
    {
        "name": "Technology and Analytics",
        "weight": "15%",
        "topics": [
            {
                "name": "Information systems",
                "los": [
                    "Accounting information systems",
                    "Enterprise resource planning systems (ERP)",
                    "Enterprise performance management systems (EPM)"
                ]
            },
            {
                "name": "Data governance",
                "los": [
                    "Data policies and procedures",
                    "Data security",
                    "Business continuity planning"
                ]
            },
            {
                "name": "Technology-enabled finance transformation",
                "los": [
                    "System development life cycle",
                    "Process automation",
                    "Innovative applications"
                ]
            },
            {
                "name": "Data analytics",
                "los": [
                    "Data visualization",
                    "Descriptive, predictive, and prescriptive analytics"
                ]
            }
        ]
    }
  ],
  "Part 2": [
    {
      "name": "Financial Statement Analysis",
      "weight": "20%",
      "topics": [
        {
          "name": "Basic financial statement analysis",
          "los": [
            "Common size financial statements",
            "Common base year financial statements"
          ]
        },
        {
          "name": "Financial ratios",
          "los": [
            "Liquidity",
            "Leverage",
            "Activity",
            "Profitability",
            "Market ratios"
          ]
        },
        {
          "name": "Profitability analysis",
          "los": [
            "Income measurement analysis",
            "Revenue analysis",
            "Cost of sales analysis",
            "Expense analysis",
            "Variation analysis"
          ]
        },
        {
          "name": "Special issues",
          "los": [
            "Impact of foreign operations",
            "Effects of changing prices and inflation",
            "Impact of changes in accounting treatment",
            "Accounting and economic profit",
            "Earnings quality"
          ]
        }
      ]
    },
    {
      "name": "Corporate Finance",
      "weight": "20%",
      "topics": [
        {
          "name": "Risk and return",
          "los": [
            "Calculating return",
            "Types of risk",
            "Relationship between risk and return"
          ]
        },
        {
          "name": "Long-term financial management",
          "los": [
            "Term structure of interest rates",
            "Types of financial instruments",
            "Cost of capital",
            "Valuation of financial instruments"
          ]
        },
        {
          "name": "Raising capital",
          "los": [
            "Financial markets",
            "Market efficiency",
            "Financial institutions",
            "Initial public offerings",
            "Dividend policy"
          ]
        },
        {
          "name": "Working capital management",
          "los": [
            "Working capital terminology",
            "Cash management",
            "Marketable securities management",
            "Accounts receivable management",
            "Inventory management",
            "Types of short-term credit",
            "Short-term credit management"
          ]
        },
        {
          "name": "Corporate restructuring",
          "los": [
            "Mergers and acquisitions",
            "Divestitures"
          ]
        },
        {
            "name": "International finance",
            "los": [
                "Fixed, flexible, and floating exchange rates",
                "Managing transaction exposure",
                "Financing international trade"
            ]
        }
      ]
    },
    {
      "name": "Decision Analysis",
      "weight": "25%",
      "topics": [
        {
          "name": "Cost/volume/profit analysis",
          "los": [
            "Breakeven analysis",
            "Profit performance and alternative operating levels",
            "Analysis of multiple products"
          ]
        },
        {
          "name": "Marginal analysis",
          "los": [
            "Sunk costs, opportunity costs and other related concepts",
            "Marginal cost and marginal revenue",
            "Special orders and pricing",
            "Make vs. buy",
            "Sell or process further",
            "Adding or dropping a segment",
            "Capacity considerations"
          ]
        },
        {
          "name": "Pricing",
          "los": [
            "Pricing methodologies",
            "Target costing",
            "Elasticity of demand",
            "Product life-cycle considerations",
            "Market structure considerations"
          ]
        }
      ]
    },
    {
      "name": "Risk Management",
      "weight": "10%",
      "topics": [
        {
          "name": "Enterprise risk",
          "los": [
            "Types of risk",
            "Risk identification and assessment",
            "Risk mitigation strategies",
            "Managing risk"
          ]
        }
      ]
    },
    {
      "name": "Investment Decisions",
      "weight": "10%",
      "topics": [
        {
          "name": "Capital budgeting process",
          "los": [
            "Stages of capital budgeting",
            "Incremental cash flows",
            "Income tax considerations"
          ]
        },
        {
          "name": "Capital investment analysis methods",
          "los": [
            "Net present value",
            "Internal rate of return",
            "Payback",
            "Discounted payback",
            "Accounting rate of return"
          ]
        }
      ]
    },
    {
      "name": "Professional Ethics",
      "weight": "15%",
      "topics": [
        {
          "name": "Business ethics",
          "los": [
            "Moral philosophies and values",
            "Ethical decision making"
          ]
        },
        {
          "name": "Ethical considerations for management accounting and financial management professionals",
          "los": [
            "IMA's Statement of Ethical Professional Practice",
            "Fraud triangle",
            "Evaluation and resolution of ethical issues"
          ]
        },
        {
          "name": "Ethical considerations for the organization",
          "los": [
            "Organizational factors and ethical culture",
            "IMA's Statement on Management Accounting, 'Values and Ethics: From Inception to Practice'",
            "Whistleblowing"
          ]
        }
      ]
    }
  ]
}
