
[
    {
        "id": "P1-A-1a",
        "part": "Part 1",
        "section": "Sec A",
        "text": "Distinguish between financial and managerial accounting."
    },
    {
        "id": "P1-A-2a",
        "part": "Part 1",
        "section": "Sec A",
        "text": "Identify and describe the main components of the balance sheet."
    },
    {
        "id": "P1-A-2b",
        "part": "Part 1",
        "section": "Sec A",
        "text": "Identify and describe the main components of the income statement."
    },
    {
        "id": "P1-C-1a",
        "part": "Part 1",
        "section": "Sec C",
        "text": "Explain the concept of contribution margin."
    },
    {
        "id": "P1-C-2a",
        "part": "Part 1",
        "section": "Sec C",
        "text": "Calculate and interpret the break-even point in units and sales dollars."
    },
    {
        "id": "P2-B-1a",
        "part": "Part 2",
        "section": "Sec B",
        "text": "Explain the time value of money concept."
    },
    {
        "id": "P2-B-2a",
        "part": "Part 2",
        "section": "Sec B",
        "text": "Calculate and interpret Net Present Value (NPV)."
    },
    {
        "id": "P2-B-2b",
        "part": "Part 2",
        "section": "Sec B",
        "text": "Calculate and interpret Internal Rate of Return (IRR)."
    }
]
