
[
  {
    "id": "PD-TH-E-001",
    "section": "Sec D",
    "topic": "Risk Management",
    "type": "theory",
    "difficulty": "easy",
    "length": "short",
    "question": "What is the main purpose of Enterprise Risk Management (ERM)?",
    "choices": [
      "a) Risk elimination",
      "b) Risk identification and control",
      "c) Maximizing profit",
      "d) Avoiding audits"
    ],
    "answer": { "index": 1, "value": "b" },
    "explanation": "ERM focuses on risk identification, mitigation, and monitoring within strategic objectives, not complete elimination.",
    "part": "Part 1"
  },
  {
    "id": "PD-PR-M-001",
    "section": "Sec D",
    "topic": "Risk Management",
    "type": "problem",
    "difficulty": "medium",
    "length": "short",
    "question": "A company has a 5% chance of a fire causing $1,000,000 in damages. What is the expected loss?",
    "choices": [
      "a) $5,000",
      "b) $50,000",
      "c) $1,000,000",
      "d) $20,000,000"
    ],
    "answer": { "index": 1, "value": "b" },
    "explanation": "Expected Loss = Probability of Loss × Amount of Loss. Here, 0.05 × $1,000,000 = $50,000.",
    "part": "Part 1"
  },
  {
    "id": "PA-TH-E-001",
    "section": "Sec A",
    "topic": "External Financial Reporting Decisions",
    "type": "theory",
    "difficulty": "easy",
    "length": "short",
    "question": "Which financial statement reports a company's financial position at a specific point in time?",
    "choices": [
      "a) Income Statement",
      "b) Statement of Cash Flows",
      "c) Balance Sheet",
      "d) Statement of Retained Earnings"
    ],
    "answer": { "index": 2, "value": "c" },
    "explanation": "The Balance Sheet, also known as the Statement of Financial Position, presents a snapshot of a company's assets, liabilities, and equity at a single point in time.",
    "part": "Part 1"
  },
  {
    "id": "PC-PR-H-001",
    "section": "Sec C",
    "topic": "Decision Analysis",
    "type": "problem",
    "difficulty": "hard",
    "length": "long",
    "question": "A company is considering a project that requires an initial investment of $100,000. It is expected to generate cash inflows of $30,000 per year for 5 years. The company's cost of capital is 10%. What is the Net Present Value (NPV) of the project? (PV factor for 10% at 5 years is 3.7908)",
    "choices": [
      "a) $13,724",
      "b) $50,000",
      "c) -$13,724",
      "d) $113,724"
    ],
    "answer": { "index": 0, "value": "a" },
    "explanation": "First, calculate the present value of the cash inflows: $30,000 * 3.7908 = $113,724. Then, subtract the initial investment: $113,724 - $100,000 = $13,724. Since the NPV is positive, the project is acceptable.",
    "part": "Part 2"
  },
   {
    "id": "PA-PR-M-002",
    "section": "Sec A",
    "topic": "External Financial Reporting Decisions",
    "type": "problem",
    "difficulty": "medium",
    "length": "short",
    "question": "A company reports sales of $500,000 and a gross profit of $200,000. What is its Cost of Goods Sold (COGS)?",
    "choices": [
      "a) $700,000",
      "b) $200,000",
      "c) $300,000",
      "d) Cannot be determined"
    ],
    "answer": { "index": 2, "value": "c" },
    "explanation": "Gross Profit = Sales - Cost of Goods Sold. Therefore, COGS = Sales - Gross Profit. $500,000 - $200,000 = $300,000.",
    "part": "Part 1"
  },
  {
    "id": "PC-TH-M-002",
    "section": "Sec C",
    "topic": "Decision Analysis",
    "type": "theory",
    "difficulty": "medium",
    "length": "short",
    "question": "Which of the following is a key disadvantage of the payback period method for capital budgeting?",
    "choices": [
      "a) It is difficult to calculate.",
      "b) It ignores the time value of money.",
      "c) It considers cash flows after the payback period.",
      "d) It requires a complex formula."
    ],
    "answer": { "index": 1, "value": "b" },
    "explanation": "The primary weakness of the payback period is that it does not discount future cash flows, thereby ignoring the time value of money. It also ignores cash flows occurring after the payback period.",
    "part": "Part 2"
  }
]
   