{
  "questions": [
    {
      "id": "c12cf913-0db9-4a2b-b383-f9f3a9ed4d21",
      "part": "Part 2",
      "section": "Sec A",
      "topic": "Financial Statement Analysis - Horizontal Analysis",
      "type": "problem",
      "length": "short",
      "difficulty": "easy",
      "question": "In a horizontal analysis using the prior year as the base, an account changes from $1,392,000 to $1,461,600. What is the percentage change?",
      "choices": [
        "5.0%",
        "10.0%",
        "0.0%",
        "-5.0%"
      ],
      "answer": {
        "index": 0,
        "explanation": "Percentage change = (Current − Base) ÷ Base × 100 = (1,461,600 − 1,392,000)/1,392,000 × 100 = 5.0%."
      }
    },
    {
      "id": "b0978219-f48e-4d91-9e33-800ce191694e",
      "part": "Part 2",
      "section": "Sec A",
      "topic": "Financial Statement Analysis - Common-Size",
      "type": "problem",
      "length": "short",
      "difficulty": "easy",
      "question": "A company reports sales of $654,000 and COGS of $392,400. What is the gross profit percentage on a vertical common-size income statement?",
      "choices": [
        "40.0%",
        "45.0%",
        "35.0%",
        "50.0%"
      ],
      "answer": {
        "index": 0,
        "explanation": "Gross profit % = (Sales − COGS) ÷ Sales = 261,600 ÷ 654,000 = 40.0%."
      }
    },
    {
      "id": "de7db669-6422-4891-8ece-c1ddf3529bee",
      "part": "Part 2",
      "section": "Sec A",
      "topic": "Liquidity Ratios - Working Capital",
      "type": "problem",
      "length": "short",
      "difficulty": "easy",
      "question": "Current assets = $488,000; Current liabilities = $290,000. Compute working capital.",
      "choices": [
        "$488,000",
        "$198,000",
        "$160,000",
        "$239,000"
      ],
      "answer": {
        "index": 1,
        "explanation": "Working capital = CA − CL = 488,000 − 290,000 = $198,000."
      }
    },
    {
      "id": "2c1df3da-8db4-4fa3-836c-1a518fecbc25",
      "part": "Part 2",
      "section": "Sec A",
      "topic": "Liquidity Ratios - Quick Ratio",
      "type": "problem",
      "length": "short",
      "difficulty": "easy",
      "question": "Compute the acid-test (quick) ratio given: Cash $273,000, Marketable securities $16,000, Net A/R $99,000, Inventory $534,000, and Current liabilities $119,000.",
      "choices": [
        "2.86",
        "2.96",
        "3.16",
        "3.26"
      ],
      "answer": {
        "index": 3,
        "explanation": "Quick ratio = (Cash + Marketable securities + Net A/R) ÷ Current liabilities. Inventory is excluded."
      }
    },
    {
        "id": "ICMA 10.P2.215",
        "part": "Part 2",
        "section": "Sec C",
        "topic": "Assumptions and Basis of CVP Analysis",
        "question": "Lazar Industries produces two products, Crates and Boxes. Per unit selling prices, costs, and resource utilization for these products are as follows. Crates Boxes Selling price $20 $30 Direct material costs $ 5 $ 5 Direct labor costs 8 10 Variable overhead costs 3 5 Variable selling costs 1 2 Machine hours per unit 2 4 Production of Crates and Boxes involves joint proce sses and use of the same facilities. The total fixed factory overhead cost is $2,000,000 and total fixed selling and administrative costs are $840,000. Production and s ales are scheduled for 500,000 units of Crates and 700,000 units of Boxes. Lazar m aintains no direct materials, work- in-process, or finished goods inventory. Lazar can reduce direct material costs for Crates b y 50% per unit, with no change in direct labor costs. However, it would increase mach ine-hour production time by 1.5 hours per unit. For Crates, variable overhead costs are allocated based on machine hours. What would be the effect on the total contri bution margin if this change was implemented? Hock P2 2020 Section C - Decision Analysis. Questions",
        "choices": [
          "$250,000 decrease.",
          "$125,000 increase.",
          "$1,250,000 increase.",
          "$300,000 increase."
        ],
        "answer": {
          "index": 0,
          "explanation": "The present contribution margin for crates is $3 pe r unit ($20 - 5 - 8 - 3 - 1). \nIf the change is made, variable overhead applied wi ll change as follows: \nHock P2 2020 \nSection C - Decision Analysis. \nAnswers \n \nMachine hours/unit currently required for Crates = 2 hours. \nVariable overhead currently applied per unit = $3. \nTherefore, the variable OH application rate is $1.5 0 per machine hour used ($3 ÷ 2). \nIf the machine hours/unit are increased by 1.5 hour s per unit, each unit will require 3.5 \nhours of machine time (2 hours presently + 1.5 hour increase). \nAt an application rate of $1.50 per machine hour, 3 .5 hours machine time per unit will \nresult in $5.25 VOH being applied per unit (3.5 × $ 1.50). \nNow, we can calculate the contribution margin per u nit for crates that would result from \nthis change: \nSelling price $20.00 \nDirect materials (reduced by 50%) 2.50 \nDirect labor (unchanged) 8.00 \nVariable overhead applied 5.25 \nVariable selling costs (unchanged) 1.00 \nContribution margin per unit $3.25 \nSince the current contribution margin per unit is $ 3.00, the contribution margin per unit \nwill increase by $0.25. 500,000 crates will be prod uced and sold. Therefore, the total \nincrease in the contribution margin as a result of this change will be $0.25 × 500,000, or \n$125,000."
        },
        "difficulty": "medium",
        "type": "theory"
      }
    ]
}